"","","TradeDate","expiryDate","c_p","strike","price","IV"
"3237",3236,2020-01-10,2020-06-19,0,800,0.05,1.76744283275783
"3238",3237,2020-01-10,2020-06-19,0,900,0.05,1.62253919197739
"3128",3127,2020-01-10,2020-06-19,0,1000,0.075,1.4923503236161
"3129",3128,2020-01-10,2020-06-19,0,1100,0.15,1.37425548065639
"3130",3129,2020-01-10,2020-06-19,0,1150,0.125,1.31880236745209
"3131",3130,2020-01-10,2020-06-19,0,1200,0.15,1.26579247894606
"3132",3131,2020-01-10,2020-06-19,0,1225,0.175,1.24012507405568
"3133",3132,2020-01-10,2020-06-19,0,1250,0.175,1.21487200909738
"3134",3133,2020-01-10,2020-06-19,0,1275,0.175,1.1901001281934
"3135",3134,2020-01-10,2020-06-19,0,1300,0.2,1.16587768565563
"3136",3135,2020-01-10,2020-06-19,0,1325,0.225,1.142102216273
"3137",3136,2020-01-10,2020-06-19,0,1350,0.225,1.11867327574058
"3138",3137,2020-01-10,2020-06-19,0,1375,0.275,1.09581918516819
"3139",3138,2020-01-10,2020-06-19,0,1400,0.275,1.07320654986819
"3140",3139,2020-01-10,2020-06-19,0,1425,0.325,1.05113819426237
"3141",3140,2020-01-10,2020-06-19,0,1450,0.325,1.02928835058101
"3142",3141,2020-01-10,2020-06-19,0,1475,0.35,1.00787400898636
"3143",3142,2020-01-10,2020-06-19,0,1500,0.375,0.986810288466934
"3144",3143,2020-01-10,2020-06-19,0,1525,0.425,0.966161822790025
"3145",3144,2020-01-10,2020-06-19,0,1550,0.425,0.945690938191679
"3146",3145,2020-01-10,2020-06-19,0,1575,0.475,0.925683416251541
"3147",3146,2020-01-10,2020-06-19,0,1600,0.525,0.905982520230998
"3148",3147,2020-01-10,2020-06-19,0,1625,0.575,0.886579079964169
"3149",3148,2020-01-10,2020-06-19,0,1650,0.575,0.867321595141189
"3150",3149,2020-01-10,2020-06-19,0,1675,0.625,0.848488532496326
"3151",3150,2020-01-10,2020-06-19,0,1700,0.675,0.829924526057061
"3152",3151,2020-01-10,2020-06-19,0,1725,0.725,0.811628354707574
"3153",3152,2020-01-10,2020-06-19,0,1750,0.775,0.793587747040335
"3154",3153,2020-01-10,2020-06-19,0,1775,0.825,0.775796964653035
"3155",3154,2020-01-10,2020-06-19,0,1800,0.875,0.758249230018361
"3156",3155,2020-01-10,2020-06-19,0,1825,0.925,0.740938026111949
"3157",3156,2020-01-10,2020-06-19,0,1850,1,0.723923918796806
"3158",3157,2020-01-10,2020-06-19,0,1875,1.075,0.707132937997722
"3159",3158,2020-01-10,2020-06-19,0,1900,1.175,0.690624973381803
"3160",3159,2020-01-10,2020-06-19,0,1925,1.275,0.674330734959263
"3161",3160,2020-01-10,2020-06-19,0,1950,1.375,0.658238449935349
"3162",3161,2020-01-10,2020-06-19,0,1975,1.5,0.642412716718363
"3163",3162,2020-01-10,2020-06-19,0,2000,1.625,0.626781881079091
"3164",3163,2020-01-10,2020-06-19,0,2025,1.775,0.611402777232063
"3165",3164,2020-01-10,2020-06-19,0,2050,1.925,0.596211100332911
"3166",3165,2020-01-10,2020-06-19,0,2075,2.125,0.58132342005532
"3167",3166,2020-01-10,2020-06-19,0,2100,2.325,0.566609434606829
"3168",3167,2020-01-10,2020-06-19,0,2125,2.525,0.552065509682721
"3169",3168,2020-01-10,2020-06-19,0,2150,2.775,0.537810513661335
"3170",3169,2020-01-10,2020-06-19,0,2175,3.075,0.523837145965724
"3171",3170,2020-01-10,2020-06-19,0,2200,3.35,0.509958262873266
"3172",3171,2020-01-10,2020-06-19,0,2225,3.65,0.49629130322366
"3173",3172,2020-01-10,2020-06-19,0,2250,4,0.482886923975231
"3174",3173,2020-01-10,2020-06-19,0,2275,4.35,0.469628787624247
"3175",3174,2020-01-10,2020-06-19,0,2300,4.75,0.456626061354488
"3176",3175,2020-01-10,2020-06-19,0,2325,5.2,0.443872535993344
"3177",3176,2020-01-10,2020-06-19,0,2350,5.65,0.431248475245165
"3178",3177,2020-01-10,2020-06-19,0,2375,6.2,0.418975798344047
"3179",3178,2020-01-10,2020-06-19,0,2400,6.8,0.406933468314385
"3180",3179,2020-01-10,2020-06-19,0,2425,7.45,0.395118673466981
"3181",3180,2020-01-10,2020-06-19,0,2450,8.15,0.38351835537341
"3182",3181,2020-01-10,2020-06-19,0,2475,8.9,0.372129385499043
"3183",3182,2020-01-10,2020-06-19,0,2500,9.75,0.361051372924476
"3184",3183,2020-01-10,2020-06-19,0,2525,10.65,0.350168693217264
"3185",3184,2020-01-10,2020-06-19,0,2550,11.55,0.339370063712171
"3186",3185,2020-01-10,2020-06-19,0,2575,12.65,0.329062983083231
"3187",3186,2020-01-10,2020-06-19,0,2600,13.8,0.318924435756857
"3188",3187,2020-01-10,2020-06-19,0,2625,15.05,0.309043104181215
"3189",3188,2020-01-10,2020-06-19,0,2650,16.4,0.299406533583028
"3190",3189,2020-01-10,2020-06-19,0,2675,17.9,0.29010011132015
"3191",3190,2020-01-10,2020-06-19,0,2700,19.45,0.280915481721984
"3192",3191,2020-01-10,2020-06-19,0,2725,21.1,0.271935989368422
"3193",3192,2020-01-10,2020-06-19,0,2750,22.95,0.263326993330303
"3194",3193,2020-01-10,2020-06-19,0,2775,24.9,0.254886426508693
"3195",3194,2020-01-10,2020-06-19,0,2800,27,0.246685127901841
"3196",3195,2020-01-10,2020-06-19,0,2825,29.3,0.238785834372922
"3197",3196,2020-01-10,2020-06-19,0,2850,31.7,0.230996764064126
"3198",3197,2020-01-10,2020-06-19,0,2875,34.3,0.223462865517478
"3199",3198,2020-01-10,2020-06-19,0,2900,37.1,0.216158263388405
"3200",3199,2020-01-10,2020-06-19,0,2925,40.15,0.209125201797204
"3201",3200,2020-01-10,2020-06-19,0,2950,43.35,0.202184275276682
"3202",3201,2020-01-10,2020-06-19,0,2975,46.75,0.195385782456899
"3203",3202,2020-01-10,2020-06-19,0,3000,50.45,0.188838727451252
"3204",3203,2020-01-10,2020-06-19,0,3025,54.35,0.182370593764376
"3205",3204,2020-01-10,2020-06-19,0,3050,58.6,0.176152800695872
"3206",3205,2020-01-10,2020-06-19,0,3075,63.15,0.170067938761609
"3207",3206,2020-01-10,2020-06-19,0,3100,68.05,0.164149290084208
"3208",3207,2020-01-10,2020-06-19,0,3125,73.35,0.158410565471482
"3209",3208,2020-01-10,2020-06-19,0,3150,79.05,0.152802142041098
"3210",3209,2020-01-10,2020-06-19,0,3175,85.25,0.147393767683313
"3211",3210,2020-01-10,2020-06-19,0,3200,91.95,0.142127941568568
"3212",3211,2020-01-10,2020-06-19,0,3225,99.25,0.137062482131669
"3213",3212,2020-01-10,2020-06-19,0,3250,107.3,0.132306090371327
"3214",3213,2020-01-10,2020-06-19,0,3275,116.1,0.127788363353845
"3215",3214,2020-01-10,2020-06-19,0,3300,125.9,0.123730740321318
"3216",3215,2020-01-10,2020-06-19,0,3325,136.7,0.120070661091291
"3217",3216,2020-01-10,2020-06-19,0,3350,148.75,0.117050637776053
"3218",3217,2020-01-10,2020-06-19,0,3375,162.05,0.114650389959143
"3219",3218,2020-01-10,2020-06-19,0,3400,176.75,0.113068422230292
"3220",3219,2020-01-10,2020-06-19,0,3425,192.8,0.112307471404299
"3221",3220,2020-01-10,2020-06-19,0,3450,210.15,0.112412243567262
"3222",3221,2020-01-10,2020-06-19,0,3475,229,0.113821939311297
"3223",3222,2020-01-10,2020-06-19,0,3500,248.85,0.116041921478987
"3224",3223,2020-01-10,2020-06-19,0,3525,270.1,0.119876836292803
"3225",3224,2020-01-10,2020-06-19,0,3550,291.9,0.124222671583504
"3226",3225,2020-01-10,2020-06-19,0,3575,314.35,0.1293530564581
"3227",3226,2020-01-10,2020-06-19,0,3600,337.55,0.135548858275068
"3228",3227,2020-01-10,2020-06-19,0,3625,361.35,0.142652586596197
"3229",3228,2020-01-10,2020-06-19,0,3650,385.4,0.150102600765747
"3230",3229,2020-01-10,2020-06-19,0,3700,433.2,0.164242765302928
"3231",3230,2020-01-10,2020-06-19,0,3750,482.4,0.180618726486209
"3232",3231,2020-01-10,2020-06-19,0,3800,530.7,0.195144286737088
"3233",3232,2020-01-10,2020-06-19,0,3900,629.25,0.227063350066438
"3234",3233,2020-01-10,2020-06-19,0,4000,728.2,0.258876335764771
"3235",3234,2020-01-10,2020-06-19,0,4100,827.3,0.290159722458296
"3236",3235,2020-01-10,2020-06-19,0,4200,926.3,0.320511392066838
